county,sub_county,cluster,school_code,school_name,enrolment,lat,lng
Makueni County,Kibwezi West,,MAKUENI-SCH001,Kalulini,,,
Makueni County,Kibwezi West,,MAKUENI-SCH002,Muatini,,,
Makueni County,Kibwezi West,,MAKUENI-SCH003,Mukononi,,,
Makueni County,Kibwezi West,,MAKUENI-SCH004,Yikivala,,,
Makueni County,Kibwezi West,,MAKUENI-SCH005,Kibwezi Township,,,
Makueni County,Kambu,,MAKUENI-SCH006,Kyambusia,,,
Makueni County,Kambu,,MAKUENI-SCH007,Ngwata,,,
Makueni County,Kambu,,MAKUENI-SCH008,Kivuthini,,,
Makueni County,Kambu,,MAKUENI-SCH009,Usalama,,,
Makueni County,Kaiti,,MAKUENI-SCH010,Kisyungi,,,
Makueni County,Kaiti,,MAKUENI-SCH011,Ukia Primary,,,
Makueni County,Kaiti,,MAKUENI-SCH012,Kauomi Primary,,,
Makueni County,Makueni,,MAKUENI-SCH013,Nthangu Primary & Junior School,,,
Makueni County,Makueni,,MAKUENI-SCH014,Nziu Mixed Day Primary,,,
Makueni County,Makueni,,MAKUENI-SCH015,Kitichumu Primary School,,,
Makueni County,Makueni,,MAKUENI-SCH016,Unoa Comprehensive School,,,
Embu County,Mbeere South,,EMBU-SCH001,Kabururi,,,
Embu County,Mbeere South,,EMBU-SCH002,Kaurari,,,
Embu County,Mbeere South,,EMBU-SCH003,Kamukunga,,,
Embu County,Mbeere South,,EMBU-SCH004,Gitungati,,,
Embu County,Mbeere North,,EMBU-SCH005,Murangu,,,
Embu County,Mbeere North,,EMBU-SCH006,Kiathambu,,,
Embu County,Mbeere North,,EMBU-SCH007,Karimari,,,
Embu County,Mbeere North,,EMBU-SCH008,Kathutheri,,,
Isiolo County,Isiolo,,ISIOLO-SCH001,Kawalash,,,
Isiolo County,Isiolo,,ISIOLO-SCH002,Lenguluma,,,
Isiolo County,Isiolo,,ISIOLO-SCH003,Ngaremara,,,
Isiolo County,Isiolo,,ISIOLO-SCH004,Akadeli,,,
Isiolo County,Garbatulla,,ISIOLO-SCH005,Daawa,,,
Isiolo County,Garbatulla,,ISIOLO-SCH006,Nagaa,,,
Isiolo County,Garbatulla,,ISIOLO-SCH007,Galmadidio,,,
Isiolo County,Garbatulla,,ISIOLO-SCH008,Yaqbarsadhi,,,
