full_name,email,phone,role,org_code
Mr. Mathias,,0726298379,school_admin,MAKUENI-SCH001
Mrs. Jackyline,,0721453845,school_admin,MAKUENI-SCH002
Mrs. Mercy,,0721617001,school_admin,MAKUENI-SCH003
Mr. Rose Mulinge,,0728202328,school_admin,MAKUENI-SCH004
Mr.Ndeto,,0723211325,school_admin,MAKUENI-SCH006
Mr. Willy,,0722851601,school_admin,MAKUENI-SCH007
Mr. Christopher,,0729455576,school_admin,MAKUENI-SCH009
Kivuthini school contact (name not in source file),,0721548953,school_admin,MAKUENI-SCH008
Mr. Chongo,,0726056224,school_admin,MAKUENI-SCH011
Mrs. Lenah,,0727001610,school_admin,MAKUENI-SCH012
Beatrice Kithaka,,0729287525,school_admin,MAKUENI-SCH013
Catherine Mutukoo,,0717117957,school_admin,MAKUENI-SCH014
Mr. Mwangagi,,0717806962,school_admin,MAKUENI-SCH015
